Year,Case_Count,Close_Time_Days
2011,39708,86.21560185185184
2012,46643,16.003564814814816
2013,50309,7.965578703703703
2014,53531,10.76839699074074
2015,50334,4.334236111111111
2016,50573,3.9124189814814816
2017,51325,3.639791666666667
2018,57636,3.1758738425925923
2019,58633,3.7050520833333334
2020,56145,2.195740740740741
